{"greeting": ["greeting"], "acknowledgment": ["acknowledgment"], "message": ["message"], "communication": ["communication"], "abstraction": ["abstraction"], "entity": ["entity"], "room": ["room"], "area": ["area"], "structure": ["structure"], "artifact": ["artifact"], "whole": ["whole"], "object": ["object"], "physical_entity": ["physical_entity"], "coldness": ["coldness"], "temperature": ["temperature"], "fundamental_quantity": ["fundamental_quantity"], "measure": ["measure"], "poverty": ["poverty"], "financial_condition": ["financial_condition"], "condition": ["condition"], "state": ["state"], "attribute": ["attribute"], "termination": ["termination"], "change_of_state": ["change_of_state"], "change": ["change"], "action": ["action"], "act": ["act"], "event": ["event"], "psychological_feature": ["psychological_feature"]}