{"NN": {"what time does the library close": ["the library is open 24/7"], "what is your age": ["I have no age. My development started in 2020 if that helps"], "what is your name": ["my name is SHEP the chatbot"], "hello": ["hi there"], "hi": ["hello there. How can I help?"], "what time does the coop open": ["The coop opens from 5am to 9pm"], "when does the library kick you out": ["The library can kick you out for many reasons including disruptive behaviour"], "i want to kill myself": ["if you are feeling suicidal, make sure you talk to someone. The SLC is always available and the Samaritans have a 24 7 number "]}, "noSub": {"that is cool": ["I am glad you think so", "2021-01-20"]}}